Complexity,Loss,Equation
1,0.07496123723157098,"0.3917773390008537"
5,3.218443191904902e-6,"(x2 - x1) * -10.000270195481251"
7,3.1102947237916833e-6,"(x2 - (x1 - -5.7409308876372306e-5)) * -9.990438635822242"
9,3.0218196765015534e-6,"((x2 + -0.00011083577117437667) - (x1 * 0.9999188596926278)) * -9.991565630004967"
11,3.021819676495936e-6,"(((x2 + -0.010801903149057775) - (x1 * 0.9999188600443496)) * -9.991565656715602) + -0.10682050703535885"
13,2.695249995218581e-6,"((x2 + -0.0001442482469221652) - x1) * (94.25049822530062 / (x1 + (-9.513270032214582 - x2)))"
15,2.602984618228908e-6,"((x2 + ((-0.000200224897337754 - x1) * 0.9999167198237724)) * 93.05059333400554) / ((x1 - x2) + -9.39208759666312)"
17,2.4005668729415763e-6,"((x2 + -0.0003256593752804049) - (x1 * 0.999736224204424)) * (93.04725821396619 / ((-9.425418637172088 - x2) + (x1 * 1.0465760733823655)))"
19,2.400269596528594e-6,"(((x2 + -0.00032415295931767344) - (x1 * 0.9997374553594821)) * 93.44972952445282) / (((x1 * 1.0464321893197897) - (x2 + 0.039998830890647326)) + -9.425531429800303)"
21,2.281527055733208e-6,"(((x2 * -0.693933004153668) + (x1 / 1.4416462898277564)) * ((((x1 + x1) / (x2 + 0.20358251184795187)) / 5.757938520031848) + 14.110010392185796)) + 0.0038694603560178544"
25,2.2638983176301618e-6,"(((((x1 + ((x1 + x1) - x2)) / (x2 + 0.24102734975845383)) / 6.746614827881989) + 12.965996027531455) * ((x2 * -0.7560569852095392) + (x1 / 1.3231339416638657))) + 0.003611708426125663"
27,2.2588960202324373e-6,"(((((((x1 / 0.9302096223847369) + (x1 + x1)) - x2) / (x2 + 0.23848969094848063)) / 6.747109535335279) + 12.966118254609531) * ((x2 * -0.7554893061568666) + (x1 / 1.3241418836051597))) + 0.0037141132390529816"
29,2.2513291318257884e-6,"((((x1 / 1.428898316244641) + (x2 * -0.7001395685002831)) * 1.3312609370784112) * ((((x1 + (x1 - (x2 + (x1 / -0.8217159642765228)))) / (x2 + 0.2683971324962809)) / 8.153386279998989) + 10.500355677170987)) + 0.004080459238771132"
